{
  "defaultSeverity": "error",
  "extends": ["tslint:recommended"],
  "jsRules": {},
  "rules": {
    "variable-name": false,
    "prefer-for-of": false,
    "no-arg": true,
    "no-any": true,
    "no-bitwise": false,
    "no-console": [true, "debug", "info", "time", "timeEnd", "trace"],
    "no-construct": true,
    "no-debugger": true,
    "no-duplicate-super": true,
    "no-empty": false,
    "no-empty-interface": true,
    "no-eval": true,
    "no-inferrable-types": [true, "ignore-params"],
    "no-misused-new": true,
    "no-redundant-jsdoc": true,
    "no-shadowed-variable": true,
    "no-string-literal": false,
    "no-string-throw": true,
    "no-switch-case-fall-through": true,
    "no-trailing-whitespace": true,
    "no-unnecessary-initializer": true,
    "no-unused-expression": true,
    "no-var-keyword": true,
    "object-literal-sort-keys": false,
    "prefer-const": true,
    "interface-name": false,
    "trailing-comma": false,
    "quotemark": [true, "single"],
    "semicolon": [true, "always"],
    "typedef": [
      true,
      "call-signature",
      "property-declaration",
      "parameter",
      "object-destructuring",
      "array-destructuring"
    ],
    "typedef-whitespace": [
      true,
      {
        "call-signature": "nospace",
        "index-signature": "nospace",
        "parameter": "nospace",
        "property-declaration": "nospace",
        "variable-declaration": "nospace"
      }
    ],
    "no-input-rename": false,
    "no-output-rename": false,
    "unified-signatures": false
  },
  "rulesDirectory": []
}
