[
  {
    "anonymous": false,
    "inputs": [
      {
        "indexed": true,
        "internalType": "address",
        "name": "owner",
        "type": "address"
      },
      {
        "indexed": true,
        "internalType": "address",
        "name": "operator",
        "type": "address"
      },
      {
        "indexed": false,
        "internalType": "bool",
        "name": "approved",
        "type": "bool"
      }
    ],
    "name": "ApprovalForAll",
    "type": "event"
  },
  {
    "anonymous": false,
    "inputs": [
      {
        "indexed": true,
        "internalType": "address",
        "name": "operator",
        "type": "address"
      },
      {
        "indexed": true,
        "internalType": "address",
        "name": "from",
        "type": "address"
      },
      {
        "indexed": true,
        "internalType": "address",
        "name": "to",
        "type": "address"
      },
      {
        "indexed": false,
        "internalType": "uint256[]",
        "name": "ids",
        "type": "uint256[]"
      },
      {
        "indexed": false,
        "internalType": "uint256[]",
        "name": "values",
        "type": "uint256[]"
      }
    ],
    "name": "TransferBatch",
    "type": "event"
  },
  {
    "anonymous": false,
    "inputs": [
      {
        "indexed": true,
        "internalType": "address",
        "name": "operator",
        "type": "address"
      },
      {
        "indexed": true,
        "internalType": "address",
        "name": "from",
        "type": "address"
      },
      {
        "indexed": true,
        "internalType": "address",
        "name": "to",
        "type": "address"
      },
      {
        "indexed": false,
        "internalType": "uint256",
        "name": "id",
        "type": "uint256"
      },
      {
        "indexed": false,
        "internalType": "uint256",
        "name": "value",
        "type": "uint256"
      }
    ],
    "name": "TransferSingle",
    "type": "event"
  },
  {
    "anonymous": false,
    "inputs": [
      {
        "indexed": false,
        "internalType": "string",
        "name": "value",
        "type": "string"
      },
      {
        "indexed": true,
        "internalType": "uint256",
        "name": "id",
        "type": "uint256"
      }
    ],
    "name": "URI",
    "type": "event"
  },
  {
    "constant": true,
    "inputs": [
      {
        "internalType": "uint256",
        "name": "",
        "type": "uint256"
      },
      {
        "internalType": "address",
        "name": "",
        "type": "address"
      }
    ],
    "name": "_balances",
    "outputs": [
      {
        "internalType": "uint256",
        "name": "",
        "type": "uint256"
      }
    ],
    "payable": false,
    "stateMutability": "view",
    "type": "function"
  },
  {
    "constant": true,
    "inputs": [
      {
        "internalType": "address",
        "name": "",
        "type": "address"
      },
      {
        "internalType": "address",
        "name": "",
        "type": "address"
      }
    ],
    "name": "_operatorApprovals",
    "outputs": [
      {
        "internalType": "bool",
        "name": "",
        "type": "bool"
      }
    ],
    "payable": false,
    "stateMutability": "view",
    "type": "function"
  },
  {
    "constant": true,
    "inputs": [
      {
        "internalType": "uint256",
        "name": "",
        "type": "uint256"
      }
    ],
    "name": "_supplys",
    "outputs": [
      {
        "internalType": "uint256",
        "name": "",
        "type": "uint256"
      }
    ],
    "payable": false,
    "stateMutability": "view",
    "type": "function"
  },
  {
    "constant": false,
    "inputs": [
      {
        "internalType": "contract IParaUniverse",
        "name": "_paraUniverse",
        "type": "address"
      }
    ],
    "name": "approveUniverse",
    "outputs": [],
    "payable": false,
    "stateMutability": "nonpayable",
    "type": "function"
  },
  {
    "constant": true,
    "inputs": [],
    "name": "augur",
    "outputs": [
      {
        "internalType": "contract IParaAugur",
        "name": "",
        "type": "address"
      }
    ],
    "payable": false,
    "stateMutability": "view",
    "type": "function"
  },
  {
    "constant": true,
    "inputs": [
      {
        "internalType": "address",
        "name": "account",
        "type": "address"
      },
      {
        "internalType": "uint256",
        "name": "id",
        "type": "uint256"
      }
    ],
    "name": "balanceOf",
    "outputs": [
      {
        "internalType": "uint256",
        "name": "",
        "type": "uint256"
      }
    ],
    "payable": false,
    "stateMutability": "view",
    "type": "function"
  },
  {
    "constant": true,
    "inputs": [
      {
        "internalType": "address[]",
        "name": "accounts",
        "type": "address[]"
      },
      {
        "internalType": "uint256[]",
        "name": "ids",
        "type": "uint256[]"
      }
    ],
    "name": "balanceOfBatch",
    "outputs": [
      {
        "internalType": "uint256[]",
        "name": "",
        "type": "uint256[]"
      }
    ],
    "payable": false,
    "stateMutability": "view",
    "type": "function"
  },
  {
    "constant": true,
    "inputs": [
      {
        "internalType": "contract IMarket",
        "name": "_market",
        "type": "address"
      },
      {
        "internalType": "uint256",
        "name": "_outcome",
        "type": "uint256"
      },
      {
        "internalType": "address",
        "name": "_account",
        "type": "address"
      }
    ],
    "name": "balanceOfMarketOutcome",
    "outputs": [
      {
        "internalType": "uint256",
        "name": "",
        "type": "uint256"
      }
    ],
    "payable": false,
    "stateMutability": "view",
    "type": "function"
  },
  {
    "constant": false,
    "inputs": [
      {
        "internalType": "contract IMarket",
        "name": "_market",
        "type": "address"
      },
      {
        "internalType": "address",
        "name": "_account",
        "type": "address"
      },
      {
        "internalType": "uint256",
        "name": "_amount",
        "type": "uint256"
      }
    ],
    "name": "buyCompleteSets",
    "outputs": [
      {
        "internalType": "bool",
        "name": "",
        "type": "bool"
      }
    ],
    "payable": false,
    "stateMutability": "nonpayable",
    "type": "function"
  },
  {
    "constant": false,
    "inputs": [
      {
        "internalType": "contract IMarket",
        "name": "_market",
        "type": "address"
      },
      {
        "internalType": "uint256",
        "name": "_amount",
        "type": "uint256"
      },
      {
        "internalType": "uint256",
        "name": "_longOutcome",
        "type": "uint256"
      },
      {
        "internalType": "address",
        "name": "_longRecipient",
        "type": "address"
      },
      {
        "internalType": "address",
        "name": "_shortRecipient",
        "type": "address"
      }
    ],
    "name": "buyCompleteSetsForTrade",
    "outputs": [
      {
        "internalType": "bool",
        "name": "",
        "type": "bool"
      }
    ],
    "payable": false,
    "stateMutability": "nonpayable",
    "type": "function"
  },
  {
    "constant": true,
    "inputs": [
      {
        "internalType": "contract IMarket",
        "name": "_market",
        "type": "address"
      },
      {
        "internalType": "uint256",
        "name": "_amount",
        "type": "uint256"
      }
    ],
    "name": "calculateCreatorFee",
    "outputs": [
      {
        "internalType": "uint256",
        "name": "",
        "type": "uint256"
      }
    ],
    "payable": false,
    "stateMutability": "view",
    "type": "function"
  },
  {
    "constant": true,
    "inputs": [
      {
        "internalType": "contract IMarket",
        "name": "_market",
        "type": "address"
      },
      {
        "internalType": "uint256",
        "name": "_outcome",
        "type": "uint256"
      },
      {
        "internalType": "uint256",
        "name": "_numberOfShares",
        "type": "uint256"
      }
    ],
    "name": "calculateProceeds",
    "outputs": [
      {
        "internalType": "uint256",
        "name": "",
        "type": "uint256"
      }
    ],
    "payable": false,
    "stateMutability": "view",
    "type": "function"
  },
  {
    "constant": false,
    "inputs": [
      {
        "internalType": "contract IParaUniverse",
        "name": "_paraUniverse",
        "type": "address"
      },
      {
        "internalType": "uint256",
        "name": "_amount",
        "type": "uint256"
      }
    ],
    "name": "calculateReportingFee",
    "outputs": [
      {
        "internalType": "uint256",
        "name": "",
        "type": "uint256"
      }
    ],
    "payable": false,
    "stateMutability": "nonpayable",
    "type": "function"
  },
  {
    "constant": true,
    "inputs": [],
    "name": "cash",
    "outputs": [
      {
        "internalType": "contract ICash",
        "name": "",
        "type": "address"
      }
    ],
    "payable": false,
    "stateMutability": "view",
    "type": "function"
  },
  {
    "constant": false,
    "inputs": [
      {
        "internalType": "contract IMarket[]",
        "name": "_markets",
        "type": "address[]"
      },
      {
        "internalType": "address",
        "name": "_shareHolder",
        "type": "address"
      },
      {
        "internalType": "bytes32",
        "name": "_fingerprint",
        "type": "bytes32"
      }
    ],
    "name": "claimMarketsProceeds",
    "outputs": [
      {
        "internalType": "bool",
        "name": "",
        "type": "bool"
      }
    ],
    "payable": false,
    "stateMutability": "nonpayable",
    "type": "function"
  },
  {
    "constant": false,
    "inputs": [
      {
        "internalType": "contract IMarket",
        "name": "_market",
        "type": "address"
      },
      {
        "internalType": "address",
        "name": "_shareHolder",
        "type": "address"
      },
      {
        "internalType": "bytes32",
        "name": "_fingerprint",
        "type": "bytes32"
      }
    ],
    "name": "claimTradingProceeds",
    "outputs": [
      {
        "internalType": "uint256[]",
        "name": "_outcomeFees",
        "type": "uint256[]"
      }
    ],
    "payable": false,
    "stateMutability": "nonpayable",
    "type": "function"
  },
  {
    "constant": false,
    "inputs": [
      {
        "internalType": "contract IMarket",
        "name": "_market",
        "type": "address"
      },
      {
        "internalType": "contract IParaUniverse",
        "name": "_paraUniverse",
        "type": "address"
      },
      {
        "internalType": "uint256",
        "name": "_outcome",
        "type": "uint256"
      },
      {
        "internalType": "uint256",
        "name": "_numberOfShares",
        "type": "uint256"
      }
    ],
    "name": "divideUpWinnings",
    "outputs": [
      {
        "internalType": "uint256",
        "name": "_proceeds",
        "type": "uint256"
      },
      {
        "internalType": "uint256",
        "name": "_shareHolderShare",
        "type": "uint256"
      },
      {
        "internalType": "uint256",
        "name": "_creatorShare",
        "type": "uint256"
      },
      {
        "internalType": "uint256",
        "name": "_reporterShare",
        "type": "uint256"
      }
    ],
    "payable": false,
    "stateMutability": "nonpayable",
    "type": "function"
  },
  {
    "constant": true,
    "inputs": [],
    "name": "getInitialized",
    "outputs": [
      {
        "internalType": "bool",
        "name": "",
        "type": "bool"
      }
    ],
    "payable": false,
    "stateMutability": "view",
    "type": "function"
  },
  {
    "constant": true,
    "inputs": [
      {
        "internalType": "uint256",
        "name": "_tokenId",
        "type": "uint256"
      }
    ],
    "name": "getMarket",
    "outputs": [
      {
        "internalType": "contract IMarket",
        "name": "",
        "type": "address"
      }
    ],
    "payable": false,
    "stateMutability": "pure",
    "type": "function"
  },
  {
    "constant": true,
    "inputs": [
      {
        "internalType": "uint256",
        "name": "_tokenId",
        "type": "uint256"
      }
    ],
    "name": "getOutcome",
    "outputs": [
      {
        "internalType": "uint256",
        "name": "",
        "type": "uint256"
      }
    ],
    "payable": false,
    "stateMutability": "pure",
    "type": "function"
  },
  {
    "constant": true,
    "inputs": [
      {
        "internalType": "contract IMarket",
        "name": "_market",
        "type": "address"
      },
      {
        "internalType": "uint256",
        "name": "_outcome",
        "type": "uint256"
      }
    ],
    "name": "getTokenId",
    "outputs": [
      {
        "internalType": "uint256",
        "name": "_tokenId",
        "type": "uint256"
      }
    ],
    "payable": false,
    "stateMutability": "pure",
    "type": "function"
  },
  {
    "constant": true,
    "inputs": [
      {
        "internalType": "contract IMarket",
        "name": "_market",
        "type": "address"
      },
      {
        "internalType": "uint256[]",
        "name": "_outcomes",
        "type": "uint256[]"
      }
    ],
    "name": "getTokenIds",
    "outputs": [
      {
        "internalType": "uint256[]",
        "name": "_tokenIds",
        "type": "uint256[]"
      }
    ],
    "payable": false,
    "stateMutability": "pure",
    "type": "function"
  },
  {
    "constant": true,
    "inputs": [],
    "name": "getTypeName",
    "outputs": [
      {
        "internalType": "bytes32",
        "name": "",
        "type": "bytes32"
      }
    ],
    "payable": false,
    "stateMutability": "view",
    "type": "function"
  },
  {
    "constant": false,
    "inputs": [
      {
        "internalType": "address",
        "name": "_augur",
        "type": "address"
      },
      {
        "internalType": "contract ShareToken",
        "name": "_originalShareToken",
        "type": "address"
      }
    ],
    "name": "initialize",
    "outputs": [],
    "payable": false,
    "stateMutability": "nonpayable",
    "type": "function"
  },
  {
    "constant": false,
    "inputs": [
      {
        "internalType": "contract IMarket",
        "name": "_market",
        "type": "address"
      }
    ],
    "name": "initializeMarket",
    "outputs": [],
    "payable": false,
    "stateMutability": "nonpayable",
    "type": "function"
  },
  {
    "constant": true,
    "inputs": [
      {
        "internalType": "address",
        "name": "account",
        "type": "address"
      },
      {
        "internalType": "address",
        "name": "operator",
        "type": "address"
      }
    ],
    "name": "isApprovedForAll",
    "outputs": [
      {
        "internalType": "bool",
        "name": "",
        "type": "bool"
      }
    ],
    "payable": false,
    "stateMutability": "view",
    "type": "function"
  },
  {
    "constant": true,
    "inputs": [
      {
        "internalType": "contract IMarket",
        "name": "_market",
        "type": "address"
      }
    ],
    "name": "isMarketInitialized",
    "outputs": [
      {
        "internalType": "bool",
        "name": "",
        "type": "bool"
      }
    ],
    "payable": false,
    "stateMutability": "view",
    "type": "function"
  },
  {
    "constant": true,
    "inputs": [
      {
        "internalType": "contract IMarket",
        "name": "_market",
        "type": "address"
      },
      {
        "internalType": "uint256[]",
        "name": "_outcomes",
        "type": "uint256[]"
      },
      {
        "internalType": "address",
        "name": "_account",
        "type": "address"
      }
    ],
    "name": "lowestBalanceOfMarketOutcomes",
    "outputs": [
      {
        "internalType": "uint256",
        "name": "",
        "type": "uint256"
      }
    ],
    "payable": false,
    "stateMutability": "view",
    "type": "function"
  },
  {
    "constant": true,
    "inputs": [],
    "name": "name",
    "outputs": [
      {
        "internalType": "string",
        "name": "",
        "type": "string"
      }
    ],
    "payable": false,
    "stateMutability": "view",
    "type": "function"
  },
  {
    "constant": true,
    "inputs": [],
    "name": "originalShareToken",
    "outputs": [
      {
        "internalType": "contract ShareToken",
        "name": "",
        "type": "address"
      }
    ],
    "payable": false,
    "stateMutability": "view",
    "type": "function"
  },
  {
    "constant": false,
    "inputs": [
      {
        "internalType": "contract IMarket",
        "name": "_market",
        "type": "address"
      },
      {
        "internalType": "uint256",
        "name": "_amount",
        "type": "uint256"
      }
    ],
    "name": "publicBuyCompleteSets",
    "outputs": [
      {
        "internalType": "bool",
        "name": "",
        "type": "bool"
      }
    ],
    "payable": false,
    "stateMutability": "nonpayable",
    "type": "function"
  },
  {
    "constant": false,
    "inputs": [
      {
        "internalType": "contract IMarket",
        "name": "_market",
        "type": "address"
      },
      {
        "internalType": "uint256",
        "name": "_amount",
        "type": "uint256"
      }
    ],
    "name": "publicSellCompleteSets",
    "outputs": [
      {
        "internalType": "uint256",
        "name": "_creatorFee",
        "type": "uint256"
      },
      {
        "internalType": "uint256",
        "name": "_reportingFee",
        "type": "uint256"
      }
    ],
    "payable": false,
    "stateMutability": "nonpayable",
    "type": "function"
  },
  {
    "constant": false,
    "inputs": [
      {
        "internalType": "address",
        "name": "from",
        "type": "address"
      },
      {
        "internalType": "address",
        "name": "to",
        "type": "address"
      },
      {
        "internalType": "uint256[]",
        "name": "ids",
        "type": "uint256[]"
      },
      {
        "internalType": "uint256[]",
        "name": "values",
        "type": "uint256[]"
      },
      {
        "internalType": "bytes",
        "name": "data",
        "type": "bytes"
      }
    ],
    "name": "safeBatchTransferFrom",
    "outputs": [],
    "payable": false,
    "stateMutability": "nonpayable",
    "type": "function"
  },
  {
    "constant": false,
    "inputs": [
      {
        "internalType": "address",
        "name": "from",
        "type": "address"
      },
      {
        "internalType": "address",
        "name": "to",
        "type": "address"
      },
      {
        "internalType": "uint256",
        "name": "id",
        "type": "uint256"
      },
      {
        "internalType": "uint256",
        "name": "value",
        "type": "uint256"
      },
      {
        "internalType": "bytes",
        "name": "data",
        "type": "bytes"
      }
    ],
    "name": "safeTransferFrom",
    "outputs": [],
    "payable": false,
    "stateMutability": "nonpayable",
    "type": "function"
  },
  {
    "constant": false,
    "inputs": [
      {
        "internalType": "contract IMarket",
        "name": "_market",
        "type": "address"
      },
      {
        "internalType": "address",
        "name": "_holder",
        "type": "address"
      },
      {
        "internalType": "address",
        "name": "_recipient",
        "type": "address"
      },
      {
        "internalType": "uint256",
        "name": "_amount",
        "type": "uint256"
      },
      {
        "internalType": "bytes32",
        "name": "_fingerprint",
        "type": "bytes32"
      }
    ],
    "name": "sellCompleteSets",
    "outputs": [
      {
        "internalType": "uint256",
        "name": "_creatorFee",
        "type": "uint256"
      },
      {
        "internalType": "uint256",
        "name": "_reportingFee",
        "type": "uint256"
      }
    ],
    "payable": false,
    "stateMutability": "nonpayable",
    "type": "function"
  },
  {
    "constant": false,
    "inputs": [
      {
        "internalType": "contract IMarket",
        "name": "_market",
        "type": "address"
      },
      {
        "internalType": "uint256",
        "name": "_outcome",
        "type": "uint256"
      },
      {
        "internalType": "uint256",
        "name": "_amount",
        "type": "uint256"
      },
      {
        "internalType": "address",
        "name": "_shortParticipant",
        "type": "address"
      },
      {
        "internalType": "address",
        "name": "_longParticipant",
        "type": "address"
      },
      {
        "internalType": "address",
        "name": "_shortRecipient",
        "type": "address"
      },
      {
        "internalType": "address",
        "name": "_longRecipient",
        "type": "address"
      },
      {
        "internalType": "uint256",
        "name": "_price",
        "type": "uint256"
      },
      {
        "internalType": "address",
        "name": "_sourceAccount",
        "type": "address"
      },
      {
        "internalType": "bytes32",
        "name": "_fingerprint",
        "type": "bytes32"
      }
    ],
    "name": "sellCompleteSetsForTrade",
    "outputs": [
      {
        "internalType": "uint256",
        "name": "_creatorFee",
        "type": "uint256"
      },
      {
        "internalType": "uint256",
        "name": "_reportingFee",
        "type": "uint256"
      }
    ],
    "payable": false,
    "stateMutability": "nonpayable",
    "type": "function"
  },
  {
    "constant": false,
    "inputs": [
      {
        "internalType": "address",
        "name": "operator",
        "type": "address"
      },
      {
        "internalType": "bool",
        "name": "approved",
        "type": "bool"
      }
    ],
    "name": "setApprovalForAll",
    "outputs": [],
    "payable": false,
    "stateMutability": "nonpayable",
    "type": "function"
  },
  {
    "constant": true,
    "inputs": [
      {
        "internalType": "bytes4",
        "name": "interfaceId",
        "type": "bytes4"
      }
    ],
    "name": "supportsInterface",
    "outputs": [
      {
        "internalType": "bool",
        "name": "",
        "type": "bool"
      }
    ],
    "payable": false,
    "stateMutability": "view",
    "type": "function"
  },
  {
    "constant": true,
    "inputs": [],
    "name": "symbol",
    "outputs": [
      {
        "internalType": "string",
        "name": "",
        "type": "string"
      }
    ],
    "payable": false,
    "stateMutability": "view",
    "type": "function"
  },
  {
    "constant": true,
    "inputs": [
      {
        "internalType": "uint256",
        "name": "id",
        "type": "uint256"
      }
    ],
    "name": "totalSupply",
    "outputs": [
      {
        "internalType": "uint256",
        "name": "",
        "type": "uint256"
      }
    ],
    "payable": false,
    "stateMutability": "view",
    "type": "function"
  },
  {
    "constant": true,
    "inputs": [
      {
        "internalType": "contract IMarket",
        "name": "_market",
        "type": "address"
      },
      {
        "internalType": "uint256",
        "name": "_outcome",
        "type": "uint256"
      }
    ],
    "name": "totalSupplyForMarketOutcome",
    "outputs": [
      {
        "internalType": "uint256",
        "name": "",
        "type": "uint256"
      }
    ],
    "payable": false,
    "stateMutability": "view",
    "type": "function"
  },
  {
    "constant": true,
    "inputs": [
      {
        "internalType": "uint256",
        "name": "_tokenId",
        "type": "uint256"
      }
    ],
    "name": "unpackTokenId",
    "outputs": [
      {
        "internalType": "address",
        "name": "_market",
        "type": "address"
      },
      {
        "internalType": "uint256",
        "name": "_outcome",
        "type": "uint256"
      }
    ],
    "payable": false,
    "stateMutability": "pure",
    "type": "function"
  },
  {
    "constant": false,
    "inputs": [
      {
        "internalType": "address",
        "name": "_from",
        "type": "address"
      },
      {
        "internalType": "address",
        "name": "_to",
        "type": "address"
      },
      {
        "internalType": "uint256[]",
        "name": "_ids",
        "type": "uint256[]"
      },
      {
        "internalType": "uint256[]",
        "name": "_values",
        "type": "uint256[]"
      }
    ],
    "name": "unsafeBatchTransferFrom",
    "outputs": [],
    "payable": false,
    "stateMutability": "nonpayable",
    "type": "function"
  },
  {
    "constant": false,
    "inputs": [
      {
        "internalType": "address",
        "name": "_from",
        "type": "address"
      },
      {
        "internalType": "address",
        "name": "_to",
        "type": "address"
      },
      {
        "internalType": "uint256",
        "name": "_id",
        "type": "uint256"
      },
      {
        "internalType": "uint256",
        "name": "_value",
        "type": "uint256"
      }
    ],
    "name": "unsafeTransferFrom",
    "outputs": [],
    "payable": false,
    "stateMutability": "nonpayable",
    "type": "function"
  }
]
